PGR: Pós-Grad. Rev. Fac. Odontol. São José dos Campos|Pós-Grad. Rev
PGR: Pós-Grad. Rev. Odontol|Pós-Grad. Rev
Rev. clin. ortod. Dental Press|Rev. Clín. Ortod. Dent. Press
Rev. clin. ortodon. dental press|Rev. Clín. Ortod. Dent. Press
Rev. clín. ortodon. Dental Press|Rev. Clín. Ortod. Dent. Press
Rev. clin. ortodontia dental press|Rev. Clín. Ortod. Dent. Press
Rev. dent. press ortodon. ortoped. facial|Rev. Dent. Press Ortod. Ortop. Facial (Impr.)
Rev. dent. press ortodon. ortopedi. facial|Rev. Dent. Press Ortod. Ortop. Facial (Impr.)
Rev. Fac. Odontol. F.Z.L|Rev. Fac. Odontol. FZL
Rev. Fac. Odontol. Lins|Rev. Fac. Odontol. Lins (Impr.)
RFO-UPF|RFO UPF
RPG rev. pos-grad|RPG, Rev. Pós-Grad
Amer. J. Dent|Am. j. dent
An. Soc. Bras. Pesq. odontol|An. Soc. Bras. Pesqui. Odontol
An. Soc. Bras. Pesq. Odontol|An. Soc. Bras. Pesqui. Odontol
Arch. Oral Biol|Arch. oral biol. (Print)
Biosci J|Biosci. j. (Impr.)
Brit. dent. J|Br. dent. j
Ciênc. odontol. bras.|Ciênc. Odontol. Bras
Dent. Clin. Nort. Am|Dent. clin. North Am
J. Dent. Children|J. dent. child
J. Mich. dent. Ass|J. Mich. Dent. Assoc
J. Periodont|J. periodontol. (1970)
J. Periodontol|J. periodontol. (1970)
J. prosth. Dent|J. prosthet. dent. (Print)
J. West. Soc. Periodontol|J. West. Soc. Periodontol., Periodontal abstr
JBA j. bras. oclu. ATM & dor orofacial|JBA, J. Bras. Oclusão ATM Dor Orofac
JBE j. bras. endodontia|JBE, J. Bras. Endod
Oral Diseases|Oral dis
Ortodont. Paranaen|Ortod. Parana
Pediat. Dent|Pediatr. dent
Prótese dent|Protes. dent
Rev CROMG|Rev. CROMG (Impr.)
Rev. Asoc. Odontol. Argentina|Rev. Asoc. Odontol. Argent
Rev. bras. Cir. Cab. Pesc|Rev. bras. cir. cabeça pescoço (Impr.)
Rev. bras. cir. periodontia|RBC, Rev. Bras. Cir. Periodontia
Rev. bras. Implant|Rev. bras. implantodontia
Rev. ci&#234;nc. m&#233;d. biol|Rev. Ciênc. Méd. Biol. (Impr.)
Rev. ciênc. méd. biol|Rev. Ciênc. Méd. Biol. (Impr.)
Rev. ciências médicasRev.ciênc. méd. biol = J. med. biol. sci|Rev. Ciênc. Méd. Biol. (Impr.)
Rev. do CROMG|Rev. CROMG (Impr.)
Rev. esp. Ortodonc|Rev. esp. Ortod
Rev. Fac. Odontol. Univ. Passo Fundo|RFO UPF
Rev. FOUFBA|Rev. Fac. Odontol. Univ. Fed. Bahia
Rev. Franç. d'Endod|Rev. fr. endod. (Paris)
Rev. Inst. Ciênc. Saúde|J. Health Sci. Inst
Rev. odontol. Araçatuba|Rev. Odontol. Araçatuba (Impr.)
Rev. odontol. Santo Amaro|Rev. odontol. Univ. St. Amaro
Rev. odontol. UNISA|Rev. odontol. Univ. St. Amaro
Rev. Socied. Odontol. La Plata|Rev. Soc. Odontol. La Plata
Rev. sul-bras. odontol|RSBO (Impr.)
Schweiz Monatsschr Zahnmed|Schweiz. Mon.schr. Zahnmed
Texas Dent. J|Tex. dent. J
